<?xml version="1.0" encoding="utf-8"?>
<edmx:Edmx Version="1.0" xmlns:edmx="http://schemas.microsoft.com/ado/2007/06/edmx" xmlns:m="http://schemas.microsoft.com/ado/2007/08/dataservices/metadata" xmlns:sap="http://www.sap.com/Protocols/SAPData">
  <edmx:DataServices m:DataServiceVersion="2.0">
    <Schema Namespace="CatalogService" xmlns="http://schemas.microsoft.com/ado/2008/09/edm">
      <EntityContainer Name="EntityContainer" m:IsDefaultEntityContainer="true">
        <EntitySet Name="Anbieter" EntityType="CatalogService.Anbieter"/>
        <EntitySet Name="Bestellinhalt" EntityType="CatalogService.Bestellinhalt"/>
        <EntitySet Name="Bestellung" EntityType="CatalogService.Bestellung"/>
        <EntitySet Name="Lager" EntityType="CatalogService.Lager"/>
        <EntitySet Name="Mitarbeiter" EntityType="CatalogService.Mitarbeiter"/>
        <EntitySet Name="Produktliste" EntityType="CatalogService.Produktliste"/>
        <EntitySet Name="Wegwerf" EntityType="CatalogService.Wegwerf"/>
      </EntityContainer>
      <EntityType Name="Anbieter">
        <Key>
          <PropertyRef Name="AnbieterID"/>
        </Key>
        <Property Name="AnbieterID" Type="Edm.Int32" Nullable="false"/>
        <Property Name="AnbName" Type="Edm.String"/>
        <Property Name="Adresse" Type="Edm.String"/>
        <Property Name="Ort" Type="Edm.String"/>
        <Property Name="Email" Type="Edm.String"/>
        <Property Name="Telefon" Type="Edm.String"/>
      </EntityType>
      <EntityType Name="Bestellinhalt">
        <Key>
          <PropertyRef Name="BestellungsID"/>
          <PropertyRef Name="ProduktID"/>
        </Key>
        <Property Name="BestellungsID" Type="Edm.Int32" Nullable="false"/>
        <Property Name="ProduktID" Type="Edm.Int32" Nullable="false"/>
        <Property Name="Anzahl" Type="Edm.Int32"/>
        <Property Name="Preis" Type="Edm.String"/>
      </EntityType>
      <EntityType Name="Bestellung">
        <Key>
          <PropertyRef Name="BestellungID"/>
        </Key>
        <Property Name="BestellungID" Type="Edm.Int32" Nullable="false"/>
        <Property Name="Kaufdatum" Type="Edm.DateTime" sap:display-format="Date"/>
        <Property Name="Lieferdatum" Type="Edm.DateTime" sap:display-format="Date"/>
        <Property Name="Preis" Type="Edm.String"/>
        <Property Name="MitarbeiterID" Type="Edm.Int32"/>
        <Property Name="Vorname" Type="Edm.String"/>
        <Property Name="Nachname" Type="Edm.String"/>
      </EntityType>
      <EntityType Name="Lager">
        <Key>
          <PropertyRef Name="ProduktID"/>
        </Key>
        <Property Name="ProduktID" Type="Edm.Int32" Nullable="false"/>
        <Property Name="Bestand" Type="Edm.Int32"/>
        <Property Name="Schwellenwert" Type="Edm.Int32"/>
        <Property Name="PrName" Type="Edm.String"/>
        <Property Name="Preis" Type="Edm.String"/>
        <Property Name="AnbieterID" Type="Edm.Int32"/>
        <Property Name="AnbName" Type="Edm.String"/>
        <Property Name="Adresse" Type="Edm.String"/>
        <Property Name="Ort" Type="Edm.String"/>
      </EntityType>
      <EntityType Name="Mitarbeiter">
        <Key>
          <PropertyRef Name="MitarbeiterID"/>
        </Key>
        <Property Name="MitarbeiterID" Type="Edm.Int32" Nullable="false"/>
        <Property Name="Vorname" Type="Edm.String"/>
        <Property Name="Nachname" Type="Edm.String"/>
        <Property Name="Geburtstag" Type="Edm.DateTime" sap:display-format="Date"/>
        <Property Name="Passwort" Type="Edm.String"/>
        <Property Name="Gehalt" Type="Edm.String"/>
      </EntityType>
      <EntityType Name="Produktliste">
        <Key>
          <PropertyRef Name="AnbieterID"/>
          <PropertyRef Name="Produktnummer"/>
        </Key>
        <Property Name="AnbieterID" Type="Edm.Int32" Nullable="false"/>
        <Property Name="AnbName" Type="Edm.String"/>
        <Property Name="Adresse" Type="Edm.String"/>
        <Property Name="Ort" Type="Edm.String"/>
        <Property Name="Email" Type="Edm.String"/>
        <Property Name="Telefon" Type="Edm.String"/>
        <Property Name="Produktnummer" Type="Edm.Int32" Nullable="false"/>
        <Property Name="ProName" Type="Edm.String"/>
        <Property Name="Bestand" Type="Edm.Int32"/>
        <Property Name="Preis" Type="Edm.String"/>
        <Property Name="Lieferzeit" Type="Edm.Int32"/>
        <Property Name="ProduktID" Type="Edm.Int32"/>
      </EntityType>
      <EntityType Name="Wegwerf">
        <Key>
          <PropertyRef Name="Aufzaehlung"/>
        </Key>
        <Property Name="Aufzaehlung" Type="Edm.Int32" Nullable="false"/>
        <Property Name="Produktname" Type="Edm.String"/>
        <Property Name="gefordert" Type="Edm.Int32"/>
        <Property Name="angeboten" Type="Edm.Int32"/>
        <Property Name="WPreis" Type="Edm.String"/>
        <Property Name="Lieferdatum" Type="Edm.DateTime" sap:display-format="Date"/>
      </EntityType>
    </Schema>
  </edmx:DataServices>
</edmx:Edmx>