{
  "namespace": "my.app",
  "definitions": {
    "CatalogService": {
      "@source": "srv/cat-service.cds",
      "kind": "service"
    },
    "CatalogService.Anbieter": {
      "kind": "entity",
      "@cds.persistence.name": "CATALOGSERVICE_ANBIETER",
      "query": {
        "SELECT": {
          "from": {
            "ref": [
              "my.app.Anbieter"
            ]
          }
        }
      },
      "elements": {
        "AnbieterID": {
          "@cds.persistence.name": "ANBIETERID",
          "key": true,
          "type": "cds.Integer"
        },
        "AnbName": {
          "@cds.persistence.name": "ANBNAME",
          "type": "cds.String"
        },
        "Adresse": {
          "@cds.persistence.name": "ADRESSE",
          "type": "cds.String"
        },
        "Ort": {
          "@cds.persistence.name": "ORT",
          "type": "cds.String"
        },
        "Email": {
          "@cds.persistence.name": "EMAIL",
          "type": "cds.String"
        },
        "Telefon": {
          "@cds.persistence.name": "TELEFON",
          "type": "cds.String"
        }
      },
      "$syntax": "projection"
    },
    "CatalogService.Bestellinhalt": {
      "kind": "entity",
      "@cds.persistence.name": "CATALOGSERVICE_BESTELLINHALT",
      "query": {
        "SELECT": {
          "from": {
            "ref": [
              "my.app.Bestellinhalt"
            ]
          }
        }
      },
      "elements": {
        "BestellungsID": {
          "@cds.persistence.name": "BESTELLUNGSID",
          "key": true,
          "type": "cds.Integer",
          "notNull": true
        },
        "ProduktID": {
          "@cds.persistence.name": "PRODUKTID",
          "key": true,
          "type": "cds.Integer",
          "notNull": true
        },
        "Anzahl": {
          "@cds.persistence.name": "ANZAHL",
          "type": "cds.Integer"
        },
        "Preis": {
          "@cds.persistence.name": "PREIS",
          "type": "cds.String"
        }
      },
      "$syntax": "projection"
    },
    "CatalogService.Bestellung": {
      "kind": "entity",
      "@cds.persistence.name": "CATALOGSERVICE_BESTELLUNG",
      "query": {
        "SELECT": {
          "from": {
            "ref": [
              "my.app.Bestellung"
            ]
          }
        }
      },
      "elements": {
        "BestellungID": {
          "@cds.persistence.name": "BESTELLUNGID",
          "key": true,
          "type": "cds.Integer"
        },
        "Kaufdatum": {
          "@cds.persistence.name": "KAUFDATUM",
          "type": "cds.Date"
        },
        "Lieferdatum": {
          "@cds.persistence.name": "LIEFERDATUM",
          "type": "cds.Date"
        },
        "Preis": {
          "@cds.persistence.name": "PREIS",
          "type": "cds.String"
        },
        "MitarbeiterID": {
          "@cds.persistence.name": "MITARBEITERID",
          "type": "cds.Integer"
        },
        "Vorname": {
          "@cds.persistence.name": "VORNAME",
          "type": "cds.String"
        },
        "Nachname": {
          "@cds.persistence.name": "NACHNAME",
          "type": "cds.String"
        }
      },
      "$syntax": "projection"
    },
    "CatalogService.Lager": {
      "kind": "entity",
      "@cds.persistence.name": "CATALOGSERVICE_LAGER",
      "query": {
        "SELECT": {
          "from": {
            "ref": [
              "my.app.Lager"
            ]
          }
        }
      },
      "elements": {
        "ProduktID": {
          "@cds.persistence.name": "PRODUKTID",
          "key": true,
          "type": "cds.Integer"
        },
        "Bestand": {
          "@cds.persistence.name": "BESTAND",
          "type": "cds.Integer"
        },
        "Schwellenwert": {
          "@cds.persistence.name": "SCHWELLENWERT",
          "type": "cds.Integer"
        },
        "PrName": {
          "@cds.persistence.name": "PRNAME",
          "type": "cds.String"
        },
        "Preis": {
          "@cds.persistence.name": "PREIS",
          "type": "cds.String"
        },
        "AnbieterID": {
          "@cds.persistence.name": "ANBIETERID",
          "type": "cds.Integer"
        },
        "AnbName": {
          "@cds.persistence.name": "ANBNAME",
          "type": "cds.String"
        },
        "Adresse": {
          "@cds.persistence.name": "ADRESSE",
          "type": "cds.String"
        },
        "Ort": {
          "@cds.persistence.name": "ORT",
          "type": "cds.String"
        }
      },
      "$syntax": "projection"
    },
    "CatalogService.Mitarbeiter": {
      "kind": "entity",
      "@cds.persistence.name": "CATALOGSERVICE_MITARBEITER",
      "query": {
        "SELECT": {
          "from": {
            "ref": [
              "my.app.Mitarbeiter"
            ]
          }
        }
      },
      "elements": {
        "MitarbeiterID": {
          "@cds.persistence.name": "MITARBEITERID",
          "key": true,
          "type": "cds.Integer"
        },
        "Vorname": {
          "@cds.persistence.name": "VORNAME",
          "type": "cds.String"
        },
        "Nachname": {
          "@cds.persistence.name": "NACHNAME",
          "type": "cds.String"
        },
        "Geburtstag": {
          "@cds.persistence.name": "GEBURTSTAG",
          "type": "cds.Date"
        },
        "Passwort": {
          "@cds.persistence.name": "PASSWORT",
          "type": "cds.String"
        },
        "Gehalt": {
          "@cds.persistence.name": "GEHALT",
          "type": "cds.String"
        }
      },
      "$syntax": "projection"
    },
    "CatalogService.Produktliste": {
      "kind": "entity",
      "@cds.persistence.name": "CATALOGSERVICE_PRODUKTLISTE",
      "query": {
        "SELECT": {
          "from": {
            "ref": [
              "my.app.Produktliste"
            ]
          }
        }
      },
      "elements": {
        "AnbieterID": {
          "@cds.persistence.name": "ANBIETERID",
          "key": true,
          "type": "cds.Integer"
        },
        "AnbName": {
          "@cds.persistence.name": "ANBNAME",
          "type": "cds.String"
        },
        "Adresse": {
          "@cds.persistence.name": "ADRESSE",
          "type": "cds.String"
        },
        "Ort": {
          "@cds.persistence.name": "ORT",
          "type": "cds.String"
        },
        "Email": {
          "@cds.persistence.name": "EMAIL",
          "type": "cds.String"
        },
        "Telefon": {
          "@cds.persistence.name": "TELEFON",
          "type": "cds.String"
        },
        "Produktnummer": {
          "@cds.persistence.name": "PRODUKTNUMMER",
          "key": true,
          "type": "cds.Integer"
        },
        "ProName": {
          "@cds.persistence.name": "PRONAME",
          "type": "cds.String"
        },
        "Bestand": {
          "@cds.persistence.name": "BESTAND",
          "type": "cds.Integer"
        },
        "Preis": {
          "@cds.persistence.name": "PREIS",
          "type": "cds.String"
        },
        "Lieferzeit": {
          "@cds.persistence.name": "LIEFERZEIT",
          "type": "cds.Integer"
        },
        "ProduktID": {
          "@cds.persistence.name": "PRODUKTID",
          "type": "cds.Integer"
        }
      },
      "$syntax": "projection"
    },
    "CatalogService.Wegwerf": {
      "kind": "entity",
      "@cds.persistence.name": "CATALOGSERVICE_WEGWERF",
      "query": {
        "SELECT": {
          "from": {
            "ref": [
              "my.app.Wegwerf"
            ]
          }
        }
      },
      "elements": {
        "Aufzaehlung": {
          "@cds.persistence.name": "AUFZAEHLUNG",
          "key": true,
          "type": "cds.Integer"
        },
        "Produktname": {
          "@cds.persistence.name": "PRODUKTNAME",
          "type": "cds.String"
        },
        "gefordert": {
          "@cds.persistence.name": "GEFORDERT",
          "type": "cds.Integer"
        },
        "angeboten": {
          "@cds.persistence.name": "ANGEBOTEN",
          "type": "cds.Integer"
        },
        "WPreis": {
          "@cds.persistence.name": "WPREIS",
          "type": "cds.String"
        },
        "Lieferdatum": {
          "@cds.persistence.name": "LIEFERDATUM",
          "type": "cds.Date"
        }
      },
      "$syntax": "projection"
    },
    "my.app.Anbieter": {
      "kind": "entity",
      "@cds.persistence.name": "MY_APP_ANBIETER",
      "elements": {
        "AnbieterID": {
          "@cds.persistence.name": "ANBIETERID",
          "key": true,
          "type": "cds.Integer"
        },
        "AnbName": {
          "@cds.persistence.name": "ANBNAME",
          "type": "cds.String"
        },
        "Adresse": {
          "@cds.persistence.name": "ADRESSE",
          "type": "cds.String"
        },
        "Ort": {
          "@cds.persistence.name": "ORT",
          "type": "cds.String"
        },
        "Email": {
          "@cds.persistence.name": "EMAIL",
          "type": "cds.String"
        },
        "Telefon": {
          "@cds.persistence.name": "TELEFON",
          "type": "cds.String"
        }
      }
    },
    "my.app.Bestellinhalt": {
      "kind": "entity",
      "@cds.persistence.name": "MY_APP_BESTELLINHALT",
      "elements": {
        "BestellungsID": {
          "@cds.persistence.name": "BESTELLUNGSID",
          "key": true,
          "type": "cds.Integer",
          "notNull": true
        },
        "ProduktID": {
          "@cds.persistence.name": "PRODUKTID",
          "key": true,
          "type": "cds.Integer",
          "notNull": true
        },
        "Anzahl": {
          "@cds.persistence.name": "ANZAHL",
          "type": "cds.Integer"
        },
        "Preis": {
          "@cds.persistence.name": "PREIS",
          "type": "cds.String"
        }
      }
    },
    "my.app.Bestellung": {
      "kind": "entity",
      "@cds.persistence.name": "MY_APP_BESTELLUNG",
      "elements": {
        "BestellungID": {
          "@cds.persistence.name": "BESTELLUNGID",
          "key": true,
          "type": "cds.Integer"
        },
        "Kaufdatum": {
          "@cds.persistence.name": "KAUFDATUM",
          "type": "cds.Date"
        },
        "Lieferdatum": {
          "@cds.persistence.name": "LIEFERDATUM",
          "type": "cds.Date"
        },
        "Preis": {
          "@cds.persistence.name": "PREIS",
          "type": "cds.String"
        },
        "MitarbeiterID": {
          "@cds.persistence.name": "MITARBEITERID",
          "type": "cds.Integer"
        },
        "Vorname": {
          "@cds.persistence.name": "VORNAME",
          "type": "cds.String"
        },
        "Nachname": {
          "@cds.persistence.name": "NACHNAME",
          "type": "cds.String"
        }
      }
    },
    "my.app.Lager": {
      "kind": "entity",
      "@cds.persistence.name": "MY_APP_LAGER",
      "elements": {
        "ProduktID": {
          "@cds.persistence.name": "PRODUKTID",
          "key": true,
          "type": "cds.Integer"
        },
        "Bestand": {
          "@cds.persistence.name": "BESTAND",
          "type": "cds.Integer"
        },
        "Schwellenwert": {
          "@cds.persistence.name": "SCHWELLENWERT",
          "type": "cds.Integer"
        },
        "PrName": {
          "@cds.persistence.name": "PRNAME",
          "type": "cds.String"
        },
        "Preis": {
          "@cds.persistence.name": "PREIS",
          "type": "cds.String"
        },
        "AnbieterID": {
          "@cds.persistence.name": "ANBIETERID",
          "type": "cds.Integer"
        },
        "AnbName": {
          "@cds.persistence.name": "ANBNAME",
          "type": "cds.String"
        },
        "Adresse": {
          "@cds.persistence.name": "ADRESSE",
          "type": "cds.String"
        },
        "Ort": {
          "@cds.persistence.name": "ORT",
          "type": "cds.String"
        }
      }
    },
    "my.app.Mitarbeiter": {
      "kind": "entity",
      "@cds.persistence.name": "MY_APP_MITARBEITER",
      "elements": {
        "MitarbeiterID": {
          "@cds.persistence.name": "MITARBEITERID",
          "key": true,
          "type": "cds.Integer"
        },
        "Vorname": {
          "@cds.persistence.name": "VORNAME",
          "type": "cds.String"
        },
        "Nachname": {
          "@cds.persistence.name": "NACHNAME",
          "type": "cds.String"
        },
        "Geburtstag": {
          "@cds.persistence.name": "GEBURTSTAG",
          "type": "cds.Date"
        },
        "Passwort": {
          "@cds.persistence.name": "PASSWORT",
          "type": "cds.String"
        },
        "Gehalt": {
          "@cds.persistence.name": "GEHALT",
          "type": "cds.String"
        }
      }
    },
    "my.app.Produktliste": {
      "kind": "entity",
      "@cds.persistence.name": "MY_APP_PRODUKTLISTE",
      "elements": {
        "AnbieterID": {
          "@cds.persistence.name": "ANBIETERID",
          "key": true,
          "type": "cds.Integer"
        },
        "AnbName": {
          "@cds.persistence.name": "ANBNAME",
          "type": "cds.String"
        },
        "Adresse": {
          "@cds.persistence.name": "ADRESSE",
          "type": "cds.String"
        },
        "Ort": {
          "@cds.persistence.name": "ORT",
          "type": "cds.String"
        },
        "Email": {
          "@cds.persistence.name": "EMAIL",
          "type": "cds.String"
        },
        "Telefon": {
          "@cds.persistence.name": "TELEFON",
          "type": "cds.String"
        },
        "Produktnummer": {
          "@cds.persistence.name": "PRODUKTNUMMER",
          "key": true,
          "type": "cds.Integer"
        },
        "ProName": {
          "@cds.persistence.name": "PRONAME",
          "type": "cds.String"
        },
        "Bestand": {
          "@cds.persistence.name": "BESTAND",
          "type": "cds.Integer"
        },
        "Preis": {
          "@cds.persistence.name": "PREIS",
          "type": "cds.String"
        },
        "Lieferzeit": {
          "@cds.persistence.name": "LIEFERZEIT",
          "type": "cds.Integer"
        },
        "ProduktID": {
          "@cds.persistence.name": "PRODUKTID",
          "type": "cds.Integer"
        }
      }
    },
    "my.app.Wegwerf": {
      "kind": "entity",
      "@cds.persistence.name": "MY_APP_WEGWERF",
      "elements": {
        "Aufzaehlung": {
          "@cds.persistence.name": "AUFZAEHLUNG",
          "key": true,
          "type": "cds.Integer"
        },
        "Produktname": {
          "@cds.persistence.name": "PRODUKTNAME",
          "type": "cds.String"
        },
        "gefordert": {
          "@cds.persistence.name": "GEFORDERT",
          "type": "cds.Integer"
        },
        "angeboten": {
          "@cds.persistence.name": "ANGEBOTEN",
          "type": "cds.Integer"
        },
        "WPreis": {
          "@cds.persistence.name": "WPREIS",
          "type": "cds.String"
        },
        "Lieferdatum": {
          "@cds.persistence.name": "LIEFERDATUM",
          "type": "cds.Date"
        }
      }
    }
  },
  "meta": {
    "creator": "CDS Compiler v1.26.2"
  },
  "$version": "1.0",
  "@sql_mapping": "plain"
}