<edmx:Edmx xmlns:edmx="http://schemas.microsoft.com/ado/2007/06/edmx" xmlns:sap="http://www.sap.com/Protocols/SAPData"
	xmlns:ux="http://www.sap.com/Protocols/OData4SAP/UX" xmlns:gp="http://www.sap.com/Protocols/SAPData/GenericPlayer" Version="1.0">
	<edmx:DataServices xmlns:m="http://schemas.microsoft.com/ado/2007/08/dataservices/metadata" m:DataServiceVersion="2.0">
		<Schema xmlns="http://schemas.microsoft.com/ado/2008/09/edm" Namespace="CatalogService">
			<EntityType Name="Anbieter">
				<Key><PropertyRef Name="AnbieterID"/></Key><Property Name="AnbieterID" Type="Edm.Int32" Nullable="false"/><Property Name="AnbName" Type="Edm.String"/><Property Name="Adresse" Type="Edm.String"/><Property Name="Ort" Type="Edm.String"/><Property Name="Email" Type="Edm.String"/><Property Name="Telefon" Type="Edm.String"/></EntityType>
			<EntityType Name="Bestellinhalt">
				<Key><PropertyRef Name="BestellungID_BestellungID"/><PropertyRef Name="ProduktID_ProduktID"/></Key><Property Name="Anzahl" Type="Edm.Int32"/><Property Name="Preis" Type="Edm.String"/><Property Name="BestellungID_BestellungID" Type="Edm.Int32" Nullable="false"/><Property Name="ProduktID_ProduktID" Type="Edm.Int32" Nullable="false"/><NavigationProperty Name="BestellungID" Relationship="CatalogService.Bestellinhalt_BestellungID" FromRole="Bestellinhalt"
					ToRole="Bestellung"/><NavigationProperty Name="ProduktID" Relationship="CatalogService.Bestellinhalt_ProduktID" FromRole="Bestellinhalt" ToRole="Lager"/></EntityType>
			<EntityType Name="Bestellung">
				<Key><PropertyRef Name="BestellungID"/></Key><Property Name="BestellungID" Type="Edm.Int32" Nullable="false"/><Property Name="Kaufdatum" Type="Edm.DateTime" sap:display-format="Date"/><Property Name="Lieferdatum" Type="Edm.DateTime" sap:display-format="Date"/><Property Name="Preis" Type="Edm.String"/><Property Name="MitarbeiterID_MitarbeiterID" Type="Edm.Int32"/><NavigationProperty Name="MitarbeiterID" Relationship="CatalogService.Bestellung_MitarbeiterID" FromRole="Bestellung" ToRole="Mitarbeiter"/></EntityType>
			<EntityType Name="Lager">
				<Key><PropertyRef Name="ProduktID"/></Key><Property Name="ProduktID" Type="Edm.Int32" Nullable="false"/><Property Name="Bestand" Type="Edm.Int32"/><Property Name="Schwellenwert" Type="Edm.Int32"/><Property Name="PrName" Type="Edm.String"/><Property Name="Preis" Type="Edm.String"/><Property Name="AnbieterID_AnbieterID" Type="Edm.Int32"/><NavigationProperty Name="AnbieterID" Relationship="CatalogService.Lager_AnbieterID" FromRole="Lager" ToRole="Anbieter"/></EntityType>
			<EntityType Name="Mitarbeiter">
				<Key><PropertyRef Name="MitarbeiterID"/></Key><Property Name="MitarbeiterID" Type="Edm.Int32" Nullable="false"/><Property Name="Vorname" Type="Edm.String"/><Property Name="Nachname" Type="Edm.String"/><Property Name="Geburtstag" Type="Edm.DateTime" sap:display-format="Date"/><Property Name="Passwort" Type="Edm.String"/><Property Name="Gehalt" Type="Edm.String"/></EntityType>
			<EntityType Name="Produktliste">
				<Key><PropertyRef Name="Produktnummer"/><PropertyRef Name="AnbieterID_AnbieterID"/></Key><Property Name="Produktnummer" Type="Edm.Int32" Nullable="false"/><Property Name="ProName" Type="Edm.String"/><Property Name="Bestand" Type="Edm.Int32"/><Property Name="Preis" Type="Edm.String"/><Property Name="Lieferzeit" Type="Edm.Int32"/><Property Name="AnbieterID_AnbieterID" Type="Edm.Int32" Nullable="false"/><Property Name="ProduktID_ProduktID" Type="Edm.Int32"/><NavigationProperty Name="AnbieterID" Relationship="CatalogService.Produktliste_AnbieterID" FromRole="Produktliste" ToRole="Anbieter"/><NavigationProperty Name="ProduktID" Relationship="CatalogService.Produktliste_ProduktID" FromRole="Produktliste" ToRole="Lager"/></EntityType>
			<EntityType Name="Wegwerf">
				<Key><PropertyRef Name="ProduktID_ProduktID"/></Key><Property Name="gefordert" Type="Edm.Int32"/><Property Name="angeboten" Type="Edm.Int32"/><Property Name="WPreis" Type="Edm.String"/><Property Name="Lieferdatum" Type="Edm.DateTime" sap:display-format="Date"/><Property Name="ProduktID_ProduktID" Type="Edm.Int32" Nullable="false"/><Property Name="Produktname_ProName" Type="Edm.String"/><NavigationProperty Name="ProduktID" Relationship="CatalogService.Wegwerf_ProduktID" FromRole="Wegwerf" ToRole="Lager"/><NavigationProperty Name="Produktname" Relationship="CatalogService.Wegwerf_Produktname" FromRole="Wegwerf" ToRole="Produktliste"/></EntityType>
			<Association Name="Bestellinhalt_BestellungID"><End Type="CatalogService.Bestellinhalt" Multiplicity="*" Role="Bestellinhalt"/><End Type="CatalogService.Bestellung" Multiplicity="0..1" Role="Bestellung"/>
				<ReferentialConstraint>
					<Principal Role="Bestellung"><PropertyRef Name="BestellungID"/></Principal>
					<Dependent Role="Bestellinhalt"><PropertyRef Name="BestellungID_BestellungID"/></Dependent>
				</ReferentialConstraint>
			</Association>
			<Association Name="Bestellinhalt_ProduktID"><End Type="CatalogService.Bestellinhalt" Multiplicity="*" Role="Bestellinhalt"/><End Type="CatalogService.Lager" Multiplicity="0..1" Role="Lager"/>
				<ReferentialConstraint>
					<Principal Role="Lager"><PropertyRef Name="ProduktID"/></Principal>
					<Dependent Role="Bestellinhalt"><PropertyRef Name="ProduktID_ProduktID"/></Dependent>
				</ReferentialConstraint>
			</Association>
			<Association Name="Bestellung_MitarbeiterID"><End Type="CatalogService.Bestellung" Multiplicity="*" Role="Bestellung"/><End Type="CatalogService.Mitarbeiter" Multiplicity="0..1" Role="Mitarbeiter"/>
				<ReferentialConstraint>
					<Principal Role="Mitarbeiter"><PropertyRef Name="MitarbeiterID"/></Principal>
					<Dependent Role="Bestellung"><PropertyRef Name="MitarbeiterID_MitarbeiterID"/></Dependent>
				</ReferentialConstraint>
			</Association>
			<Association Name="Lager_AnbieterID"><End Type="CatalogService.Lager" Multiplicity="*" Role="Lager"/><End Type="CatalogService.Anbieter" Multiplicity="0..1" Role="Anbieter"/>
				<ReferentialConstraint>
					<Principal Role="Anbieter"><PropertyRef Name="AnbieterID"/></Principal>
					<Dependent Role="Lager"><PropertyRef Name="AnbieterID_AnbieterID"/></Dependent>
				</ReferentialConstraint>
			</Association>
			<Association Name="Produktliste_AnbieterID"><End Type="CatalogService.Produktliste" Multiplicity="*" Role="Produktliste"/><End Type="CatalogService.Anbieter" Multiplicity="0..1" Role="Anbieter"/>
				<ReferentialConstraint>
					<Principal Role="Anbieter"><PropertyRef Name="AnbieterID"/></Principal>
					<Dependent Role="Produktliste"><PropertyRef Name="AnbieterID_AnbieterID"/></Dependent>
				</ReferentialConstraint>
			</Association>
			<Association Name="Produktliste_ProduktID"><End Type="CatalogService.Produktliste" Multiplicity="*" Role="Produktliste"/><End Type="CatalogService.Lager" Multiplicity="0..1" Role="Lager"/>
				<ReferentialConstraint>
					<Principal Role="Lager"><PropertyRef Name="ProduktID"/></Principal>
					<Dependent Role="Produktliste"><PropertyRef Name="ProduktID_ProduktID"/></Dependent>
				</ReferentialConstraint>
			</Association>
			<Association Name="Wegwerf_ProduktID"><End Type="CatalogService.Wegwerf" Multiplicity="*" Role="Wegwerf"/><End Type="CatalogService.Lager" Multiplicity="0..1" Role="Lager"/>
				<ReferentialConstraint>
					<Principal Role="Lager"><PropertyRef Name="ProduktID"/></Principal>
					<Dependent Role="Wegwerf"><PropertyRef Name="ProduktID_ProduktID"/></Dependent>
				</ReferentialConstraint>
			</Association>
			<Association Name="Wegwerf_Produktname"><End Type="CatalogService.Wegwerf" Multiplicity="*" Role="Wegwerf"/><End Type="CatalogService.Produktliste" Multiplicity="0..1" Role="Produktliste"/></Association>
			<EntityContainer Name="EntityContainer" m:IsDefaultEntityContainer="true"><EntitySet Name="Anbieter" EntityType="CatalogService.Anbieter"/><EntitySet Name="Bestellinhalt" EntityType="CatalogService.Bestellinhalt"/><EntitySet Name="Bestellung" EntityType="CatalogService.Bestellung"/><EntitySet Name="Lager" EntityType="CatalogService.Lager"/><EntitySet Name="Mitarbeiter" EntityType="CatalogService.Mitarbeiter"/><EntitySet Name="Produktliste" EntityType="CatalogService.Produktliste"/><EntitySet Name="Wegwerf" EntityType="CatalogService.Wegwerf"/>
				<AssociationSet Name="Bestellinhalt_BestellungID" Association="CatalogService.Bestellinhalt_BestellungID"><End EntitySet="Bestellinhalt" Role="Bestellinhalt"/><End EntitySet="Bestellung" Role="Bestellung"/></AssociationSet>
				<AssociationSet Name="Bestellinhalt_ProduktID" Association="CatalogService.Bestellinhalt_ProduktID"><End EntitySet="Bestellinhalt" Role="Bestellinhalt"/><End EntitySet="Lager" Role="Lager"/></AssociationSet>
				<AssociationSet Name="Bestellung_MitarbeiterID" Association="CatalogService.Bestellung_MitarbeiterID"><End EntitySet="Bestellung" Role="Bestellung"/><End EntitySet="Mitarbeiter" Role="Mitarbeiter"/></AssociationSet>
				<AssociationSet Name="Lager_AnbieterID" Association="CatalogService.Lager_AnbieterID"><End EntitySet="Lager" Role="Lager"/><End EntitySet="Anbieter" Role="Anbieter"/></AssociationSet>
				<AssociationSet Name="Produktliste_AnbieterID" Association="CatalogService.Produktliste_AnbieterID"><End EntitySet="Produktliste" Role="Produktliste"/><End EntitySet="Anbieter" Role="Anbieter"/></AssociationSet>
				<AssociationSet Name="Produktliste_ProduktID" Association="CatalogService.Produktliste_ProduktID"><End EntitySet="Produktliste" Role="Produktliste"/><End EntitySet="Lager" Role="Lager"/></AssociationSet>
				<AssociationSet Name="Wegwerf_ProduktID" Association="CatalogService.Wegwerf_ProduktID"><End EntitySet="Wegwerf" Role="Wegwerf"/><End EntitySet="Lager" Role="Lager"/></AssociationSet>
				<AssociationSet Name="Wegwerf_Produktname" Association="CatalogService.Wegwerf_Produktname"><End EntitySet="Wegwerf" Role="Wegwerf"/><End EntitySet="Produktliste" Role="Produktliste"/></AssociationSet>
			</EntityContainer>
		</Schema>
	</edmx:DataServices>
</edmx:Edmx>