{
  "welcomeFile": "/webapp/index.html",
  "routes": [
    {
      "path": "/resources",
      "target": {
        "type": "service",
        "name": "sapui5",
        "entryPath": "/resources"
      },
      "description": "SAPUI5 Resources"
    },
    {
      "path": "/test-resources",
      "target": {
        "type": "service",
        "name": "sapui5",
        "entryPath": "/test-resources"
      },
      "description": "SAPUI5 Test Resources"
    },
    {
      "path": "/Lagerhaltung",
      "target": {
        "type": "destination",
        "name": "Lagerhaltung"
      },
      "description": "OData"
    },
    {
      "path": "/Lager",
      "target": {
        "type": "destination",
        "name": "Lager"
      },
      "description": "Odata"
    }
  ],
  "sendWelcomeFileRedirect": true
}