{
  "welcomeFile": "/index.html",
  "authenticationMethod": "route",
  "logout": {
    "logoutEndpoint": "/do/logout"
  },
  "routes": [
    {
      "source": "^/Lager/(.*)$",
      "target": "$1",
      "authenticationType": "none",
      "destination": "Lager",
      "csrfProtection": false
    },
    {
      "source": "^/Lagerhaltung/(.*)$",
      "target": "$1",
      "authenticationType": "none",
      "destination": "Lagerhaltung",
      "csrfProtection": false
    },
    {
      "source": "^(.*)$",
      "target": "$1",
      "service": "html5-apps-repo-rt",
      "authenticationType": "xsuaa"
    }
  ]
}